Week,coal,CCGT,TAC,lake,step,nuc_hist,nuc_retrofit,nuc_new
1,0.9,0.9,0.9,0.9,0.9,0.910259036264085,0.910259036264085,0.9
2,0.9,0.9,0.9,0.9,0.9,0.737909560105938,0.737909560105938,0.9
3,0.9,0.9,0.9,0.9,0.9,0.661473396922383,0.661473396922383,0.9
4,0.9,0.9,0.9,0.9,0.9,0.695376800703088,0.695376800703088,0.9
5,0.9,0.9,0.9,0.9,0.9,0.703711356862394,0.703711356862394,0.9
6,0.9,0.9,0.9,0.9,0.9,0.821911697899636,0.821911697899636,0.9
